L,a,p,t,o,p, ,H,u,a,w,e,i, ,M,a,t,e,b,o,o,k, ,D, ,1,5, ,(,8,G,B,/,2,5,6,G,B,),"
",₫,1,4,.,9,9,0,.,0,0,0,"
",Đ,ã, ,b,á,n, ,4,4,1,"
",T,P,., ,H,ồ, ,C,h,í, ,M,i,n,h
L,a,p,t,o,p, ,2, ,t,r,o,n,g, ,1, ,D,e,l,l, ,V,e,n,u,e, ,1,1, ,P,r,o, ,-, ,W,i,n,d,o,w, ,1,0, ,M,à,n, ,F,u,l,l,H,D, ,n,h,i,ề,u, ,p,h,i,ê,n, ,b,ả,n,"
",₫,3,.,7,6,8,.,0,0,0, ,-, ,₫,4,.,4,8,8,.,0,0,0,"
",Đ,ã, ,b,á,n, ,4,1,8,"
",N,g,h,ệ, ,A,n
B,A,L,O, ,G,A,M,I,N,G, ,T,U,F, ,A,S,U,S, ,(,R,e,p,u,b,l,i,c, ,O,f, ,G,a,m,e,),"
",M,u,a, ,K,è,m, ,D,e,a,l, ,S,ố,c,"
",₫,4,5,0,.,0,0,0,"
",₫,3,2,2,.,0,0,0,"
",Đ,ã, ,b,á,n, ,2,3,6,"
",T,P,., ,H,ồ, ,C,h,í, ,M,i,n,h
G,i,á, ,đ,ỡ, ,l,a,p,t,o,p, ,-, ,M,a,c,b,o,o,k, ,n,h,ô,m, ,c,a,o, ,c,ấ,p, ,c,ó, ,t,ú,i, ,đ,ự,n,g,",", ,c,ó, ,t,h,ể, ,x,ế,p, ,g,ọ,n, ,&, ,đ,i,ề,u, ,c,h,ỉ,n,h, ,đ,ộ, ,c,a,o,",", ,s,ử,a, ,t,ư, ,t,h,ế, ,n,g,ồ,i, ,l,à,m, ,v,i,ệ,c,"
",₫,2,9,9,.,0,0,0,"
",₫,1,6,9,.,0,0,0,"
",Đ,ã, ,b,á,n, ,4,3,1,"
",T,P,., ,H,ồ, ,C,h,í, ,M,i,n,h
L,a,p,t,o,p, ,A,p,p,l,e, ,M,a,c,b,o,o,k, ,A,i,r, ,1,3, ,i,n,c,h, ,2,0,2,0, ,C,o,r,e, ,i,3, ,G,e,n,1,0, ,8,G,B, ,2,5,6,G,B, ,S,S,D, ,-, ,H,à,n,g, ,n,h,ậ,p, ,k,h,ẩ,u,"
",₫,2,6,.,9,9,0,.,0,0,0,"
",₫,2,3,.,8,9,0,.,0,0,0,"
",Đ,ã, ,b,á,n, ,3,6,7,"
",H,à, ,N,ộ,i
M,i,ế,n,g, ,L,ó,t, ,S,i,l,i,c,o,n, ,B,ả,o, ,V,ệ, ,B,à,n, ,P,h,í,m, ,M,a,c,b,o,o,k, ,M,1,",", ,M,a,c,b,o,k, ,P,r,o,",", ,M,a,c,b,o,k, ,A,i,r, ,(,T,o,u,c,h,b,a,r,",", ,N,o,n,-,T,o,u,c,h,b,a,r,),",", ,F,u,l,l, ,M,o,d,e,l, ,2,0,1,0,-,2,0,2,1,"
",M,u,a, ,K,è,m, ,D,e,a,l, ,S,ố,c,"
",₫,9,9,.,0,0,0,"
",₫,5,9,.,0,0,0,"
",Đ,ã, ,b,á,n, ,5,5,7,"
",T,P,., ,H,ồ, ,C,h,í, ,M,i,n,h
T,ú,i, ,c,h,ố,n,g, ,s,ố,c, ,L,A,P,T,O,P, ,L,O,Ạ,I, ,D,À,Y, ,t,ừ, ,1,0, ,i,n,c,h, ,-,>, ,1,7, ,i,n,c,h,"
",M,u,a, ,K,è,m, ,D,e,a,l, ,S,ố,c,"
",₫,2,2,.,5,0,0, ,-, ,₫,2,9,.,5,0,0,"
",Đ,ã, ,b,á,n, ,3,4,8,"
",T,P,., ,H,ồ, ,C,h,í, ,M,i,n,h
B,a,l,o, ,M,S,I, ,G,a,m,i,n,g, ,1,7,"""", ,c,a,o, ,c,ấ,p,"
",M,u,a, ,K,è,m, ,D,e,a,l, ,S,ố,c,"
",₫,1,9,9,.,0,0,0,"
",₫,1,8,8,.,0,0,0,"
",Đ,ã, ,b,á,n, ,2,2,5,"
",T,P,., ,H,ồ, ,C,h,í, ,M,i,n,h
T,ú,i, ,C,h,ố,n,g, ,S,ố,c, ,L,a,p,t,o,p,",", ,M,a,c,b,o,o,k,",", ,S,u,r,f,a,c,e, ,C,a,o, ,C,ấ,p, ,T,0,0,9, ,(,5, ,M,à,u,),"
",₫,1,5,0,.,0,0,0,"
",₫,1,4,2,.,5,0,0,"
",Đ,ã, ,b,á,n, ,3,8,0,"
",H,à, ,N,ộ,i
P,h,ủ, ,p,h,í,m, ,t,r,o,n,g, ,s,u,ố,t, ,c,h,o, ,M,a,c,b,o,o,k, ,(, ,đ,ủ, ,d,ò,n,g,),"
",M,u,a, ,2, ,&, ,g,i,ả,m, ,₫,2,0,.,0,0,0,"
",₫,8,0,.,0,0,0,"
",₫,6,6,.,0,0,0,"
",Đ,ã, ,b,á,n, ,4,0,5,"
",H,à, ,N,ộ,i
B,ọ,c, ,c,a,o, ,s,u, ,c,h,o, ,s,ạ,c, ,M,a,c,b,o,o,k, ,J,R,C,"
",M,u,a, ,đ,ể, ,n,h,ậ,n, ,q,u,à,"
",₫,1,2,0,.,0,0,0,"
",Đ,ã, ,b,á,n, ,3,0,6,"
",T,P,., ,H,ồ, ,C,h,í, ,M,i,n,h
L,a,p,t,o,p, ,A,p,p,l,e, ,M,a,c,b,o,o,k, ,A,i,r, ,1,3, ,i,n,c,h, ,2,0,2,0, ,C,o,r,e, ,i,3, ,G,e,n,1,0, ,8,G,B, ,2,5,6,G,B, ,S,S,D, ,-, ,N,h,ậ,p, ,k,h,ẩ,u, ,c,h,í,n,h, ,h,ã,n,g,"
",₫,3,0,.,9,9,0,.,0,0,0,"
",₫,2,3,.,7,9,0,.,0,0,0,"
",Đ,ã, ,b,á,n, ,2,3,3,"
",H,à, ,N,ộ,i
G,i,á, ,đ,ỡ, ,L,a,p,t,o,p, ,M,a,c,B,o,o,k, ,I,p,a,d, ,b,ằ,n,g, ,n,h,ô,m, ,c,ó, ,t,h,ể, ,đ,i,ề,u, ,c,h,ỉ,n,h, ,đ,ộ, ,c,a,o,",", ,g,ậ,p, ,g,ọ,n, ,t,h,ô,n,g, ,m,i,n,h,"
",₫,1,3,0,.,0,0,0, ,-, ,₫,1,4,4,.,0,0,0,"
",Đ,ã, ,b,á,n, ,2,6,0,"
",H,à, ,N,ộ,i
L,a,p,t,o,p, ,D,e,l,l, ,E,7,4,4,0,",", ,C,o,r,e, ,i,7, ,4,3,0,0,U,",", ,R,a,m, ,4,g,",", ,S,S,D, ,1,2,8,g,",", ,P,i,n, ,2,h,",", ,n,e,w, ,9,8,%,"
",₫,7,.,0,0,0,.,0,0,0,"
",Đ,ã, ,b,á,n, ,1,",",3,k,"
",Đ,ồ,n,g, ,N,a,i
A,p,p,l,e, ,M,a,c,B,o,o,k, ,A,i,r, ,(,2,0,2,0,), ,1,3,.,3,-,i,n,c,h,",", ,C,o,r,e, ,i,3,-,1,0,t,h,",", ,1,.,1,G,h,z,",", ,8,G,B,",", ,2,5,6,G,B, ,S,S,D,"
",₫,2,8,.,9,9,0,.,0,0,0,"
",₫,2,4,.,9,0,0,.,0,0,0,"
",Đ,ã, ,b,á,n, ,1,0,6,"
",T,P,., ,H,ồ, ,C,h,í, ,M,i,n,h
L,a,p,t,o,p, ,c,ũ, ,v,ă,n, ,p,h,ò,n,g, ,g,i,á, ,r,ẻ, ,d,ư,ớ,i, ,m,ộ,t, ,t,r,i,ệ,u, ,đ,ồ,n,g,"
",M,u,a, ,3, ,&, ,g,i,ả,m, ,₫,3,0,.,0,0,0,"
",₫,9,7,9,.,0,2,0, ,-, ,₫,1,.,7,0,0,.,5,0,0,"
",Đ,ã, ,b,á,n, ,2,0,8,"
",H,à, ,N,ộ,i
V,ệ, ,S,i,n,h, ,L,a,p,t,o,p, ,✨, ,F,r,e,e, ,S,h,i,p,✨, ,B,ộ, ,V,ệ, ,S,i,n,h, ,L,a,p,t,o,p, ,K,I,N,G,M,A,S,T,E,R, ,6, ,M,ó,n, ,-, ,H,à,n,g, ,C,h,í,n,h, ,H,ã,n,g,"
",M,u,a, ,3, ,&, ,g,i,ả,m, ,₫,3,.,0,0,0,"
",₫,4,9,.,0,0,0,"
",₫,3,3,.,0,0,0,"
",Đ,ã, ,b,á,n, ,3,8,1,"
",T,P,., ,H,ồ, ,C,h,í, ,M,i,n,h
L,a,p,t,o,p, ,c,o,r,e, ,2, ,g,i,á, ,r,ẻ, ,h,ợ,p, ,t,ú,i, ,t,i,ề,n,"
",₫,1,.,0,0,0,.,0,0,0, ,-, ,₫,3,.,0,0,0,.,0,0,0,"
",Đ,ã, ,b,á,n, ,6,7,1,"
",T,P,., ,H,ồ, ,C,h,í, ,M,i,n,h
Z,i,n, ,L,a,p,t,o,p, ,|, ,C,o,r,e, ,2, ,D,u,o, ,C,á,c, ,H,ã,n,g, ,R,a,m, ,3,g,b, ,M,à,n, ,h,ì,n,h, ,1,4, ,-, ,1,5,.,6,i,n,"
",M,u,a, ,K,è,m, ,D,e,a,l, ,S,ố,c,"
",₫,6,2,5,.,0,0,0, ,-, ,₫,2,.,9,9,3,.,0,0,0,"
",Đ,ã, ,b,á,n, ,1,",",2,k,"
",Đ,ồ,n,g, ,N,a,i
